cid,premise_type,premise
target_no_player,角色身份类前提,交互对象不是玩家
is_student,角色身份类前提,角色是学生
is_teacher,角色身份类前提,角色是老师
target_is_player,角色身份类前提,交互对象是玩家
is_player,角色身份类前提,角色是玩家
no_player,角色身份类前提,角色不是玩家
target_is_student,角色身份类前提,交互对象是学生
is_primary_school_students,角色身份类前提,角色是小学生
is_player_target,角色身份类前提,是玩家的交互对象
target_is_futa_or_woman,角色性别类前提,交互对象是扶她或女性
target_is_futa_or_man,角色性别类前提,交互对象是扶她或男性
is_man,角色性别类前提,角色是男性
is_woman,角色性别类前提,角色是女性
target_same_sex,角色性别类前提,与交互对象性别相同
target_is_woman,角色性别类前提,交互对象是女性
target_is_man,角色性别类前提,交互对象是男性
is_man_or_woman,角色性别类前提,角色是男性或女性
is_not_asexual,角色性别类前提,角色不是无性
is_futa_or_woman,角色性别类前提,角色是扶她或女性
is_humor_man,角色性格类前提,角色是一个幽默的人
is_lively,角色性格类前提,角色是一个活跃的人
is_inferiority,角色性格类前提,角色是一个自卑的人
is_autonomy,角色性格类前提,角色是一个自律的人
is_solitary,角色性格类前提,角色是一个孤僻的人
is_indelge,角色性格类前提,角色是一个放纵的人
target_is_solitary,角色性格类前提,交互对象是一个孤僻的人
is_enthusiasm,角色性格类前提,角色是一个热情的人
target_is_astute,角色性格类前提,交互对象是一个机敏的人
target_is_inferiority,角色性格类前提,交互对象是一个自卑的人
target_is_enthusiasm,角色性格类前提,交互对象是一个热情的人
target_is_self_confidence,角色性格类前提,交互对象是一个自信的人
is_astute,角色性格类前提,角色是一个机敏的人
target_is_heavy_feeling,角色性格类前提,交互对象是一个重情的人
is_heavy_feeling,角色性格类前提,角色是一个重情的人
target_is_apathy,角色性格类前提,交互对象是一个冷漠的人
is_staraightforward,角色性格类前提,角色是一个爽直的人
in_square,场景状态类前提,角色处于操场中
in_cafeteria,场景状态类前提,角色处于取餐区
in_restaurant,场景状态类前提,角色处于就餐区
in_swimming_pool,场景状态类前提,角色处于游泳池
in_classroom,场景状态类前提,角色处于教室
in_shop,场景状态类前提,角色处于商店
in_player_scene,场景状态类前提,角色处于玩家所在场景
scene_have_other_character,场景状态类前提,场景中有自己外的其他角色
in_dormitory,场景状态类前提,角色处于宿舍
in_music_classroom,场景状态类前提,角色处于音乐活动室
scene_no_have_other_character,场景状态类前提,场景中没有自己外的其他角色
scene_character_only_player_and_one,场景状态类前提,场景中只有包括玩家在内的两个角色
beyond_friendship_target_in_scene,场景状态类前提,对场景中某个角色抱有超越友谊的想法
in_fountain,场景状态类前提,角色处于喷泉
have_other_target_in_scene,场景状态类前提,场景中有自己和交互对象以外的其他角色
no_have_other_target_in_scene,场景状态类前提,场景中没有自己和交互对象以外的其他角色
have_like_target_in_scene,场景状态类前提,有喜欢的角色在场景中
have_no_first_kiss_like_target_in_scene,场景状态类前提,有喜欢的还是初吻的角色在场景中
no_in_classroom,场景状态类前提,不在教室中
teacher_no_in_classroom,场景状态类前提,角色所属班级的老师不在教室中
teacher_in_classroom,场景状态类前提,角色所属班级的老师在教室中
is_beyond_friendship_target_in_scene,场景状态类前提,有对自己抱有超越友谊的想法的角色在场景中
have_students_in_classroom,场景状态类前提,有所教班级的学生在教室中
in_rooftop_scene,场景状态类前提,角色处于天台
in_grove,场景状态类前提,角色处于小树林
no_in_grove,场景状态类前提,角色未处于小树林
naked_character_in_scene,场景状态类前提,场景中有角色一丝不挂
in_item_shop,场景状态类前提,角色在超市中
no_in_item_shop,场景状态类前提,角色不在超市中
in_student_union_office,场景状态类前提,角色在学生会办公室中
no_in_cafeteria,场景状态类前提,角色不在取餐区
no_in_restaurant,场景状态类前提,角色不在就餐区
in_breakfast_time,时间状态类前提,处于早餐时间段
in_lunch_time,时间状态类前提,处于午餐时间段
in_dinner_time,时间状态类前提,处于晚餐时间段
in_sleep_time,时间状态类前提,处于睡眠时间
in_siesta_time,时间状态类前提,处于午休时间
no_in_sleep_time,时间状态类前提,不出与睡眠时间
attend_class_today,时间状态类前提,今日需要上课
approaching_class_time,时间状态类前提,临近上课时间
in_class_time,时间状态类前提,处于上课时间
tonight_is_full_moon,时间状态类前提,今夜是满月
excelled_at_play_music,角色技能类前提,角色擅长演奏
excelled_at_singing,角色技能类前提,角色擅长演唱
no_excelled_at_singing,角色技能类前提,角色不擅长演唱
no_excelled_at_play_music,角色技能类前提,角色不擅长演奏
target_unarmed_combat_is_hight,角色技能类前提,交互对象徒手格斗技能比自己高
good_at_eloquence,角色技能类前提,角色擅长口才
good_at_literature,角色技能类前提,角色擅长文学
good_at_writing,角色技能类前提,角色擅长协作
good_at_draw,角色技能类前提,角色擅长绘画
target_little_knowledge_of_religion,角色技能类前提,交互对象对宗教一知半解
target_little_knowledge_of_faith,角色技能类前提,交互对象对信仰一知半解
target_little_knowledge_of_astronomy,角色技能类前提,角色对天文学一知半解
target_little_knowledge_of_astrology,角色技能类前提,角色对占星学一知半解
no_good_at_eloquence,角色技能类前提,角色不擅长口才
have_target,角色状态类前提,角色拥有交互对象
hunger,角色状态类前提,角色处于饥饿状态
eat_spring_food,角色状态类前提,角色食用了春药品质的食物
arrogant_height,角色状态类前提,角色傲慢情绪高涨
hyposthenia,角色状态类前提,角色体力不足
physical_strenght,角色状态类前提,角色体力充沛
target_disgust_is_hight,角色状态类前提,交互对象反感情绪高涨
target_lust_is_hight,角色状态类前提,交互对象色欲高涨
target_is_live,角色状态类前提,交互对象未死亡
thirsty,角色状态类前提,角色处于口渴状态
lust_is_hight,角色状态类前提,角色色欲高涨
lust_is_low,角色状态类前提,角色色欲低下
no_follow,角色状态类前提,角色未处于跟随状态
is_lose_first_kiss,角色状态类前提,角色正在失去初吻
target_is_lose_first_kiss,角色状态类前提,交互对象正在失去初吻
have_food,角色道具类前提,角色拥有食物
not_have_food,角色道具类前提,角色未拥有食物
have_draw_item,角色道具类前提,角色拥有绘画道具
have_shooting_item,角色道具类前提,角色拥有射击类道具
have_guitar,角色道具类前提,角色拥有吉他
no_have_guitar,角色道具类前提,角色未拥有吉他
have_harmonica,角色道具类前提,角色拥有口琴
have_bam_boo_flute,角色道具类前提,角色拥有竹笛
have_basketball,角色道具类前提,角色拥有篮球
have_football,角色道具类前提,角色拥有足球
have_table_tennis,角色道具类前提,角色拥有乒乓球
have_underwear,角色道具类前提,角色拥有上衣
have_underpants,角色道具类前提,角色拥有内裤
have_bra,角色道具类前提,角色拥有胸罩
have_pants,角色道具类前提,角色拥有裤子
have_skirt,角色道具类前提,角色拥有短裙
have_shoes,角色道具类前提,角色拥有鞋子
have_socks,角色道具类前提,角色拥有袜子
have_drinks,角色道具类前提,背包中有饮料
no_have_drinks,角色道具类前提,角色背包中没有饮料
have_coat,角色道具类前提,角色拥有外套
target_age_similar,角色身材类前提,交互对象与自身年龄相差不大
target_average_height_similar,角色身材类前提,交互对象身高与平均身高相差不大
target_average_height_low,角色身材类前提,交互对象身高低于平均身高
target_average_stature_similar,角色身材类前提,交互对象体型与平均体型相差不大
chest_is_not_cliff,角色身材类前提,角色胸围不是绝壁
target_height_low,角色身材类前提,交互对象身高低于角色身高
target_is_height,角色身材类前提,交互对象身高高于角色
target_chest_is_cliff,角色身材类前提,交互对象胸围是绝壁
target_average_stature_height,角色身材类前提,交互对象体型胖于平均体型
target_chest_is_not_cliff,角色身材类前提,交互对象胸围不是绝壁
is_average_stature_low,角色身材类前提,角色体型瘦于平均体型
target_not_put_on_underwear,角色穿着类前提,交互对象没穿上衣
target_not_put_on_skirt,角色穿着类前提,交互对象没穿短裙
no_wear_underwear,角色穿着类前提,角色没穿上衣
no_wear_underpants,角色穿着类前提,角色没穿内裤
no_wear_bra,角色穿着类前提,角色没穿胸罩
no_wear_pants,角色穿着类前提,角色没穿裤子
no_wear_skirt,角色穿着类前提,角色没穿短裙
no_wear_shoes,角色穿着类前提,角色没穿鞋子
no_wear_socks,角色穿着类前提,角色没穿袜子
target_is_naked,角色穿着类前提,交互对象一丝不挂
is_naked,角色穿着类前提,角色一丝不挂
no_wear_coat,角色穿着类前提,角色没穿外套
wear_coat,角色穿着类前提,角色穿着外套
wear_underwear,角色穿着类前提,角色穿着上衣
wear_underpants,角色穿着类前提,角色穿着内裤
wear_bra,角色穿着类前提,角色穿着胸罩
wear_pants,角色穿着类前提,角色穿着裤子
wear_skirt,角色穿着类前提,角色穿着短裙
wear_shoes,角色穿着类前提,角色穿着鞋子
wear_socks,角色穿着类前提,角色穿着袜子
no_experience_in_sex,角色性经验类前提,角色没有性经验
is_target_first_kiss,角色性经验类前提,角色是交互对象的初吻对象
sex_experience_is_hight,角色性经验类前提,角色性技熟练
rich_experience_in_sex,角色性经验类前提,角色性经验丰富
target_no_experience_in_sex,角色性经验类前提,交互对象没有性经验
no_rich_experience_in_sex,角色性经验类前提,角色性经验不丰富
target_no_first_kiss,角色性经验类前提,交互对象初吻还在
no_first_kiss,角色性经验类前提,角色初吻还在
target_have_first_kiss,角色性经验类前提,交互对象已失去初吻
have_first_kiss,角色性经验类前提,角色已失去初吻
target_no_first_hand_in_hand,角色性经验类前提,交互对象没有牵过手
no_first_hand_in_hand,角色性经验类前提,角色没有牵过手
have_like_target_no_first_kiss,角色性经验类前提,喜欢的人里有人初吻还在
target_clitoris_level_is_hight,角色性经验类前提,交互对象阴蒂开发度高
target_is_adore,角色好感类前提,角色爱慕交互对象
target_is_admire,角色好感类前提,角色恋慕交互对象
player_is_adore,角色好感类前提,角色爱慕玩家
target_is_beyond_friendship,角色好感类前提,对交互对象抱有超越友谊的想法
is_beyond_friendship_target,角色好感类前提,交互对象对角色抱有超越友谊的想法
target_adore,角色好感类前提,被交互对象爱慕
no_beyond_friendship_target,角色好感类前提,交互对象对角色没有超越友谊的想法
target_admire,角色好感类前提,被交互对象恋慕
have_like_target,角色好感类前提,角色有喜欢的人
leave_player_scene,角色行为类前提,角色离开了玩家所在场景
target_is_sleep,角色行为类前提,交互对象正在睡觉
target_is_sing,角色行为类前提,交互对象正在唱歌
is_follow_player,辅助系统类前提,角色正在跟随玩家
have_follow,辅助系统类前提,角色拥有跟随对象
no_in_follow_target_scene,辅助系统类前提,角色跟随的对象不在当前场景
target_is_follow_player,辅助系统类前提,交互对象正在跟随玩家
target_not_follow_player,辅助系统类前提,交互对象未跟随玩家
is_collection_system,辅助系统类前提,玩家已开启收藏模式
un_collection_system,辅助系统类前提,玩家未开启收藏模式
target_is_collection,辅助系统类前提,交互对象已被玩家收藏
target_is_not_collection,辅助系统类前提,交互对象未被玩家收藏
