cid,name,type
技能id,名字,类型
int,str,int
0,1,0
技能配置信息,,
0,伦理,0
1,道德,0
2,文学,0
3,诗歌,0
4,历史,0
5,艺术,0
6,乐理,0
7,宗教,0
8,信仰,0
9,性爱,1
10,计算机,1
11,表演,1
12,口才,1
13,绘画,1
14,拍摄,1
15,演唱,1
16,作曲,1
17,厨艺,1
18,舞蹈,1
19,裁缝,1
20,战术,1
21,游泳,1
22,制造,1
23,急救,1
24,解剖,1
25,演奏,1
26,编程,1
27,黑客,1
28,写作,1
29,交易,1
30,礼仪,1
31,运动,1
32,徒手格斗,2
33,刺击武器,2
34,弓术,2
35,斩击武器,2
36,射击,2
37,闪避,2
38,近战,2
39,重武器,2
40,钝击武器,2
41,冲锋枪,2
42,手枪,2
43,霰弹枪,2
44,步枪,2
45,火焰喷射器,2
46,机械学,3
47,电子学,3
48,计算机学,3
49,密码学,3
50,化学,3
51,生物学,3
52,数学,3
53,天文学,3
54,物理学,3
55,地理学,3
56,地质学,3
57,生态学,3
58,动物学,3
59,植物学,3
60,昆虫学,3
61,微生物学,3
62,病毒学,3
63,细菌学,3
64,真菌学,3
65,药学,3
66,气象学,3
67,法学,3
68,语言学,3
69,炼金学,4
70,通灵学,4
71,灵数学,4
72,占卜学,4
73,预言学,4
75,占星学,4
76,恶魔学,4
77,仪式学,4
