cid,name,difficulty,family,info
语言id,名字,学习难度,语族,描述
int,str,int,int,str
0,1,0,0,1
语言配置信息,,,,
0,汉语,50,0,联合国6种工作语言之一，你的母语，在这个国度，每个达到学龄的儿童都已经基本掌握的语言。
1,英语,20,1,联合国6种工作语言之一，人类通用语，每个自然人都应该掌握的语言。
2,法语,32,1,联合国6种工作语言之一，被广泛在国际性社交和外交活动中应用。
3,西班牙语,30,1,联合国6种工作语言之一，被称为和上帝沟通的语言。
4,阿拉伯语,46,2,联合国6种工作语言之一，伊斯兰教宗教语言，主要通行于西亚和北非地区。
5,俄语,35,1,联合国6种工作语言之一，主要为前苏联成员国家使用。
6,日语,42,3,由日本先进的电子产品和汽车工业，以及发达的动漫产业，而在世界范围内广泛传播的语言。
7,印地语,25,1,印度官方语言之一，印度斯坦人的文学语言。
8,古拉丁语,80,1,古罗马奥古斯都皇帝时代所使用的语言。
9,拉丁语,40,1,死语之一，曾随基督教和古罗马帝国的扩张而成为欧洲通用语。
10,古汉语,60,0,死语之一，中国古代被称为雅言的官方语言，中国先秦时期洛阳方言为基础而来。
11,上古汉语,90,0,死语之一，中国商周时期所使用的，以象形文字（甲骨文）为基础的语言。
