cid,name,season,highest_tem_max,highest_tem_min,lowest_tem_max,lowest_tem_min
节气id,节气名,所属季节id,最高温度最大值,最高温度最小值,最低温度最大值,最低温度最小值
int,str,int,int,int,int,int
0,1,0,0,0,0,0
节气配置,,,,,,
0,春分,0,18,15,11,8
1,清明,0,21,18,14,11
2,谷雨,0,23,20,16,13
3,立夏,1,26,23,19,16
4,小满,1,28,25,21,18
5,芒种,1,30,27,23,20
6,夏至,1,32,29,25,22
7,小暑,1,34,31,27,24
8,大暑,1,36,33,28,25
9,立秋,2,35,32,27,24
10,处暑,2,33,30,26,23
11,白露,2,31,28,24,21
12,秋分,2,29,26,22,19
13,寒露,2,26,23,19,16
14,霜降,2,23,20,16,13
15,立冬,3,20,17,13,10
16,小雪,3,17,14,10,7
17,大雪,3,14,11,7,4
18,冬至,3,11,8,5,2
19,小寒,3,9,6,3,0
20,大寒,3,8,5,2,-1
21,立春,0,10,7,4,0
22,雨水,0,12,9,6,3
23,惊蛰,0,15,12,8,5
