cid,name
状态id,描述
int,str
0,1
状态描述配置,
0,发呆
1,移动
2,休息
3,上课
4,进食
5,闲聊
6,弹钢琴
7,唱歌
8,摸头
9,睡觉
10,拥抱
11,亲吻
12,牵手
13,死亡
14,抚摸
15,摸胸
16,教学
17,弹吉他
18,自习
19,手淫
20,跳舞
21,辱骂
22,脱对方衣服
23,穿衣
24,脱衣
25,邀请做爱
26,正常体位(女)
27,午睡
28,演讲
29,看星星
30,玩电脑
31,画画
32,跑步
33,做爱受体
34,摸脸
35,抚摸阴蒂
36,抚摸阴茎
37,抚摸肛门
38,抚摸屁股
39,摸背
40,阴茎蹭脸
41,手指插入阴道
42,玩弄阴蒂
43,玩弄阴茎
44,手指插入肛门
45,玩弄乳头
46,舔阴
47,舔阴茎
48,舔肛
49,吸舔乳头
50,舔足
51,舔屁股
52,舔耳朵
53,舔全身
54,舔脸
55,让对方手交口交
56,让对方乳交口交
57,让对方真空口交
58,让对方深喉
59,69式
60,插入阴道
61,撞击子宫
62,骑乘位插入阴道
63,背后位插入阴道
64,背后位骑乘插入阴道
65,磨豆腐
66,肛交
67,背后位肛交
68,骑乘位肛交
69,背后位骑乘肛交
70,给对方手交口交
71,给对方乳交口交
72,对对方真空口交
73,给对方深喉
