cid,skill,skill_type,skill_info,
0,ethic,人文,伦理,
1,morality,人文,道德,
2,literature,人文,文学,
3,poetry,人文,诗歌,
4,history,人文,历史,
5,art,人文,艺术,
6,music,人文,乐理,
7,religion,人文,宗教,
8,faith,人文,信仰,
9,sexual,技巧,性爱,
10,computer,技巧,计算机,
11,performance,技巧,表演,
12,eloquence,技巧,口才,
13,painting,技巧,绘画,
14,shoot,技巧,拍摄,
15,singing,技巧,演唱,
16,write_music,技巧,作曲,
17,cooking,技巧,厨艺,
18,dance,技巧,舞蹈,
19,tailor,技巧,裁缝,
20,tactics,技巧,战术,
21,swimming,技巧,游泳,
22,manufacture,技巧,制造,
23,first_aid,技巧,急救,
24,anatomy,技巧,解剖,
25,play_music,技巧,演奏,
26,programming,技巧,编程,
27,hacker,技巧,黑客,
28,write,技巧,写作,
29,transaction,技巧,交易,
30,ceremony,技巧,礼仪,
31,motion,技巧,运动,
32,mechanics,科学,机械学,
33,electronics,科学,电子学,
34,computer_science,科学,计算机学,
35,cryptography,科学,密码学,
36,chemistry,科学,化学,
37,biology,科学,生物学,
38,mathematics,科学,数学,
39,astronomy,科学,天文学,
40,physics,科学,物理学,
41,geography,科学,地理学,
42,geology,科学,地质学,
43,ecology,科学,生态学,
44,zoology,科学,动物学,:
45,botany,科学,植物学,
46,entomology,科学,昆虫学,
47,microbiology,科学,微生物学,
48,virology,科学,病毒学,
49,becteriology,科学,细菌学,
50,mycology,科学,真菌学,
51,pharmacy,科学,药学,
52,meteorology,科学,气象学,
53,law_science,科学,法学,
54,linguistics,科学,语言学,
55,apothecary,神秘学,炼金学,
56,parapsychologies,神秘学,通灵学,
57,numerology,神秘学,灵数学,
58,practise_divination,神秘学,占卜学,
59,prophecy,神秘学,预言学,
60,astrology,神秘学,占星学,
61,demonology,神秘学,恶魔学,
62,ritual,神秘学,仪式学,
0,chinese,语言学,汉语,
1,english,语言学,英语,
2,french,语言学,法语,
3,spanish,语言学,西班牙语,
4,arabic,语言学,阿拉伯语,
5,russian,语言学,俄语,
6,japanese,语言学,日语,
7,hindi,语言学,印地语,
8,old_latin,语言学,古拉丁语,
9,latin,语言学,拉丁语,
10,ancient_chinese,语言学,古汉语,
11,old_sinitic,语言学,上古汉语,
0,mouth,性,嘴,
1,chest,性,胸,
2,clitoris,性,阴蒂,
3,penis,性,阴茎,
4,vagina,性,阴道,
5,anus,性,肛门,
